Intervenciones,Tipo
"Empezamos con la historia de usuario: Yo como Profesor necesito acceder a los recursos de ensenanza en linea para preparar mis clases de manera eficiente. Que opinas, Juan?",Pregunta
"Si, es importante. Creo que el acceso debe ser rapido y sin complicaciones.",Respuesta
"Claro, eso es fundamental. Que piensas sobre la organizacion de los recursos?",Pregunta
Deberian estar bien categorizados y actualizados regularmente. No sirve de nada tener recursos desactualizados.,Sugerencia
Exactamente. Que tipo de recursos crees que son mas necesarios?,Pregunta
"Creo que deberiamos enfocarnos en tener una buena base de datos de articulos academicos, videos educativos y herramientas interactivas.",Sugerencia
Y como propones que se actualicen esos recursos?,Pregunta
Podriamos tener un equipo dedicado a revisar y actualizar los contenidos cada semestre.,Sugerencia
Eso suena bien. Que nivel de complejidad le damos a esta historia?,Pregunta
"Yo diria que un 3, es manejable pero requiere algo de trabajo.",Respuesta
"Perfecto, entonces lo dejamos en 3. Algo mas que anadir?",Pregunta
Tal vez deberiamos considerar la integracion con otras plataformas educativas.,Sugerencia
Buena idea. Podriamos anadir eso como una tarea adicional.,Retroalimentacion
"Si, eso ayudaria mucho. No tengo nada mas que anadir.",Comentario
"De acuerdo, seguimos entonces.",Comentario
"Ahora, la siguiente historia de usuario: Yo como Estudiante necesito recibir notificaciones sobre cambios en el horario de clases para estar siempre informado. Que opinan, Carlos y Ana?",Pregunta
Esto me parece bastante sencillo. Solo necesitamos un sistema de alertas.,Respuesta
"Si, y podemos usar el sistema de notificaciones que ya tenemos implementado.",Sugerencia
"Entonces, que tipo de notificaciones serian mas efectivas?",Pregunta
Creo que las notificaciones push en el movil y los correos electronicos serian suficientes.,Sugerencia
"Estoy de acuerdo, pero tambien podriamos anadir notificaciones dentro de la plataforma de la universidad.",Sugerencia
Y como manejariamos los cambios de ultima hora?,Pregunta
Deberiamos tener un sistema que permita a los profesores actualizar los horarios y que estas actualizaciones se reflejen automaticamente en las notificaciones.,Sugerencia
"Si, eso es fundamental para mantener a todos informados.",Retroalimentacion
"Entonces, que nivel de complejidad le damos?",Pregunta
Yo diria que un 2. Es algo que ya tenemos en parte hecho.,Respuesta
Estoy de acuerdo. Un 2 es adecuado.,Retroalimentacion
"Bien, lo dejamos en 2. Alguna otra cosa?",Pregunta
Nada mas por mi parte.,Comentario
Todo claro.,Comentario
"Perfecto, seguimos entonces.",Comentario
"La ultima historia de usuario: Yo como Administrador de TI necesito monitorear el uso de los servidores para asegurarme de que todo funciona correctamente. Que opinan, Pedro, Sofia y Andres?",Pregunta
Esta es una necesidad critica. Necesitamos asegurarnos de que los servidores esten siempre operativos.,Respuesta
"Si, y deberiamos tener alertas automaticas para cualquier problema que surja.",Sugerencia
Estoy de acuerdo. Tambien podriamos implementar una herramienta de analisis para anticipar problemas antes de que ocurran.,Sugerencia
Que tipo de herramientas creen que serian mas efectivas?,Pregunta
Herramientas de monitoreo en tiempo real y analisis predictivo serian ideales.,Sugerencia
Tambien podriamos considerar soluciones de terceros que ya estan probadas en el mercado.,Sugerencia
Que nivel de complejidad le damos a esta historia?,Pregunta
"Yo diria que un 4, ya que requiere bastante trabajo y coordinacion.",Respuesta
Estoy de acuerdo. Un 4 refleja bien la complejidad.,Retroalimentacion
"Si, un 4 es adecuado.",Retroalimentacion
"Bien, lo dejamos en 4. Alguna otra cosa?",Pregunta
Nada mas por mi parte.,Comentario
Todo claro.,Comentario
"Perfecto, seguimos entonces.",Comentario
"Vamos con la siguiente historia de usuario: Yo como Coordinador de Cursos necesito poder asignar aulas y horarios de manera eficiente para evitar conflictos. Que opinas, Roberto?",Pregunta
Es crucial. La asignacion de aulas y horarios debe ser lo mas fluida posible para evitar problemas.,Respuesta
Como crees que deberiamos manejar los conflictos de horarios?,Pregunta
Podriamos implementar un sistema automatizado que detecte y sugiera soluciones para los conflictos de horarios.,Sugerencia
Eso suena bien. Y que pasa con las aulas? Como aseguramos que no haya solapamientos?,Pregunta
"Podriamos tener un calendario centralizado donde se registren todas las reservas de aulas. Asi, cualquier reserva nueva se verifica contra este calendario.",Sugerencia
Que nivel de complejidad le damos a esta historia?,Pregunta
"Yo diria que un 3, es manejable pero requiere coordinacion.",Respuesta
"Perfecto, entonces lo dejamos en 3. Algo mas que anadir?",Pregunta
Tal vez deberiamos considerar la posibilidad de permitir reservas de aulas para actividades extracurriculares.,Sugerencia
Buena idea. Podriamos anadir eso como una tarea adicional.,Retroalimentacion
"Si, eso ayudaria mucho. No tengo nada mas que anadir.",Comentario
"De acuerdo, seguimos entonces.",Comentario
"La siguiente historia de usuario: Yo como Bibliotecario necesito digitalizar los registros de libros para facilitar el acceso y la gestion del inventario. Que opinan, Marta y Javier?",Pregunta
Me parece una excelente idea. La digitalizacion facilitaria mucho la gestion de los libros.,Respuesta
"Si, y tambien permitiria a los estudiantes buscar y reservar libros en linea.",Sugerencia
Como propones que llevemos a cabo la digitalizacion?,Pregunta
Podriamos empezar con los libros mas solicitados y luego proceder con el resto del inventario.,Sugerencia
Y deberiamos asegurarnos de tener un sistema de busqueda eficiente para que los usuarios puedan encontrar facilmente lo que buscan.,Sugerencia
Que herramientas necesitariamos para esto?,Pregunta
Un buen escaner de alta resolucion y software de gestion de bibliotecas.,Sugerencia
Tambien podriamos considerar la integracion con el sistema de gestion academica para unificar los registros.,Sugerencia
Que nivel de complejidad le damos a esta historia?,Pregunta
"Yo diria que un 4, ya que requiere bastante trabajo y coordinacion.",Respuesta
Estoy de acuerdo. Un 4 refleja bien la complejidad.,Retroalimentacion
"Bien, lo dejamos en 4. Alguna otra cosa?",Pregunta
Nada mas por mi parte.,Comentario
Todo claro.,Comentario
"Perfecto, seguimos entonces.",Comentario
"Ahora, la siguiente historia de usuario: Yo como Estudiante Internacional necesito una guia completa sobre los servicios y recursos disponibles en la universidad para adaptarme mejor. Que opinan, Carlos y Sofia?",Pregunta
Es fundamental. Una guia completa ayudaria mucho a los estudiantes internacionales a adaptarse.,Respuesta
"Si, y deberia incluir informacion sobre alojamiento, transporte, y actividades extracurriculares.",Sugerencia
Como propones que estructuremos esta guia?,Pregunta
"Podriamos dividirla en secciones como vida academica, vida social, y servicios administrativos.",Sugerencia
Tambien seria util tener testimonios de otros estudiantes internacionales para dar una perspectiva mas personal.,Sugerencia
Que formato crees que seria el mas adecuado?,Pregunta
Una version en linea y una version impresa. La version en linea podria incluir videos y enlaces utiles.,Sugerencia
"Estoy de acuerdo. Ademas, podriamos tener una app movil con toda esta informacion.",Sugerencia
Que nivel de complejidad le damos a esta historia?,Pregunta
Yo diria que un 3. Es manejable pero requiere coordinacion y recopilacion de mucha informacion.,Respuesta
Estoy de acuerdo. Un 3 es adecuado.,Retroalimentacion
"Bien, lo dejamos en 3. Alguna otra cosa?",Pregunta
No tengo mas comentarios.,Comentario
Todo entendido.,Comentario
"Excelente, procedamos.",Comentario
"La siguiente historia de usuario: Yo como Profesor necesito una plataforma para realizar evaluaciones en linea y obtener resultados inmediatos. Que opinan, Marta y Luis?",Pregunta
Es muy necesario. Una plataforma de evaluaciones en linea facilitaria mucho nuestro trabajo.,Respuesta
"Si, y permitiria a los estudiantes recibir feedback inmediato.",Sugerencia
Que funcionalidades creen que deberia tener la plataforma?,Pregunta
"Deberia permitir crear diferentes tipos de evaluaciones, como cuestionarios y examenes, y corregirlos automaticamente.",Sugerencia
Tambien seria util tener opciones para preguntas abiertas y la posibilidad de incluir multimedia.,Sugerencia
Que herramientas necesitariamos para esto?,Pregunta
Un buen software de gestion de evaluaciones y una interfaz amigable.,Sugerencia
"Estoy de acuerdo. Ademas, deberiamos asegurarnos de que la plataforma sea segura y confiable.",Sugerencia
Que nivel de complejidad le damos a esta historia?,Pregunta
"Yo diria que un 4, ya que requiere bastante trabajo y coordinacion.",Respuesta
Estoy de acuerdo. Un 4 refleja bien la complejidad.,Retroalimentacion
"Bien, lo dejamos en 4. Alguna otra cosa?",Pregunta
Nada mas por mi parte.,Comentario
Todo claro.,Comentario
"Perfecto, seguimos entonces.",Comentario
"Vamos con la siguiente historia de usuario: Yo como Administrador de Finanzas necesito un sistema para gestionar los presupuestos y gastos de los departamentos de manera eficiente. Que opinan, Alberto y Teresa?",Pregunta
Es crucial. Un sistema de gestion financiera mejoraria mucho la eficiencia y transparencia.,Respuesta
"Si, y permitiria a los departamentos planificar mejor sus gastos.",Sugerencia
Que funcionalidades creen que deberia tener el sistema?,Pregunta
"Deberia permitir crear y gestionar presupuestos, registrar gastos y generar reportes.",Sugerencia
Tambien seria util tener alertas para gastos excesivos y la posibilidad de comparar presupuestos con gastos reales.,Sugerencia
Que herramientas necesitariamos para esto?,Pregunta
Un buen software de gestion financiera y una interfaz amigable.,Sugerencia
"Estoy de acuerdo. Ademas, deberiamos asegurarnos de que el sistema sea facil de usar para todos los departamentos.",Sugerencia
Que nivel de complejidad le damos a esta historia?,Pregunta
"Yo diria que un 4, ya que requiere bastante trabajo y coordinacion.",Respuesta
Estoy de acuerdo. Un 4 refleja bien la complejidad.,Retroalimentacion
"Bien, lo dejamos en 4. Alguna otra cosa?",Pregunta
Nada mas por mi parte.,Comentario
Todo claro.,Comentario
"Perfecto, seguimos entonces.",Comentario
"La siguiente historia de usuario: Yo como Director de Comunicacion necesito una plataforma para gestionar y difundir noticias y eventos de la universidad. Que opinan, Laura y Miguel?",Pregunta
Es muy util. Una plataforma de comunicacion mejoraria mucho la visibilidad de las actividades de la universidad.,Respuesta
"Si, y permitiria a los estudiantes y al personal estar mejor informados.",Sugerencia
Que funcionalidades creen que deberia tener la plataforma?,Pregunta
"Deberia permitir crear y publicar noticias, eventos y anuncios, y enviar notificaciones a los usuarios.",Sugerencia
Tambien seria util tener un calendario de eventos y la posibilidad de recibir feedback de los usuarios.,Sugerencia
Que herramientas necesitariamos para esto?,Pregunta
Un buen software de gestion de contenidos y una interfaz amigable.,Sugerencia
"Estoy de acuerdo. Ademas, deberiamos integrar la plataforma con las redes sociales de la universidad.",Sugerencia
Que nivel de complejidad le damos a esta historia?,Pregunta
"Yo diria que un 3, es manejable pero requiere coordinacion.",Respuesta
Estoy de acuerdo. Un 3 es adecuado.,Retroalimentacion
"Bien, lo dejamos en 3. Alguna otra cosa?",Pregunta
Eso es todo por mi parte.,Comentario
Todo en orden.,Comentario
"Muy bien, avanzamos.",Comentario
"Vamos con la siguiente historia de usuario: Yo como Responsable de Admisiones necesito un sistema para gestionar las solicitudes de ingreso y mantener a los postulantes informados sobre el estado de su aplicacion. Que opinan, Javier y Ana?",Pregunta
Es muy necesario. Un sistema de gestion de admisiones mejoraria mucho la eficiencia del proceso.,Respuesta
"Si, y permitiria a los postulantes estar mejor informados y menos ansiosos.",Sugerencia
Que funcionalidades creen que deberia tener el sistema?,Pregunta
"Deberia permitir a los postulantes enviar documentos, seguir el estado de su aplicacion, y recibir notificaciones.",Sugerencia
Tambien seria util tener un sistema de mensajeria para que los postulantes puedan hacer preguntas y recibir respuestas rapidamente.,Sugerencia
Que herramientas necesitariamos para esto?,Pregunta
Un buen software de gestion de admisiones y una interfaz amigable.,Sugerencia
"Estoy de acuerdo. Ademas, deberiamos asegurarnos de que el sistema sea seguro y proteja la informacion personal de los postulantes.",Sugerencia
Que nivel de complejidad le damos a esta historia?,Pregunta
"Yo diria que un 4, ya que requiere bastante trabajo y coordinacion.",Respuesta
Estoy de acuerdo. Un 4 refleja bien la complejidad.,Retroalimentacion
"Bien, lo dejamos en 4. Alguna otra cosa?",Pregunta
Nada mas por mi parte.,Comentario
Todo claro.,Comentario
"Perfecto, seguimos entonces.",Comentario
"Vamos con la siguiente historia de usuario: Yo como Profesor necesito una herramienta para gestionar y calificar los trabajos de mis estudiantes de manera eficiente. Que opinan, Fernando y Alicia?",Pregunta
Es fundamental. Una herramienta de gestion y calificacion de trabajos facilitaria mucho nuestro trabajo.,Respuesta
"Si, y permitiria dar feedback mas rapido a los estudiantes.",Sugerencia
Que funcionalidades creen que deberia tener la herramienta?,Pregunta
"Deberia permitir subir trabajos, calificar en linea, y dar retroalimentacion detallada.",Sugerencia
Tambien seria util tener un sistema de deteccion de plagio integrado.,Sugerencia
Como propones que implementemos esto?,Pregunta
Podriamos empezar con un piloto en algunos cursos y luego expandirlo.,Sugerencia
Y deberiamos tener sesiones de formacion para los profesores sobre como usar la herramienta.,Sugerencia
Que nivel de complejidad le damos a esta historia?,Pregunta
"Yo diria que un 4, ya que requiere bastante trabajo y coordinacion.",Respuesta
Estoy de acuerdo. Un 4 refleja bien la complejidad.,Retroalimentacion
"Bien, lo dejamos en 4. Alguna otra cosa?",Pregunta
Nada mas que agregar.,Comentario
Todo claro por mi parte.,Comentario
"Perfecto, sigamos adelante.",Comentario
"La siguiente historia de usuario: Yo como Coordinador de Actividades Extracurriculares necesito un sistema para organizar y promover las actividades disponibles para los estudiantes. Que opinan, Marta y Luis?",Pregunta
Es muy util. Un sistema de organizacion y promocion mejoraria la participacion en las actividades extracurriculares.,Respuesta
"Si, y permitiria a los estudiantes encontrar actividades que les interesen mas facilmente.",Sugerencia
Que funcionalidades creen que deberia tener el sistema?,Pregunta
"Deberia permitir crear eventos, registrar participantes y enviar notificaciones.",Sugerencia
Tambien seria util tener un calendario de actividades y la posibilidad de recibir feedback de los estudiantes.,Sugerencia
Que herramientas necesitariamos para esto?,Pregunta
Un software de gestion de eventos y una interfaz facil de usar.,Sugerencia
"Estoy de acuerdo. Ademas, deberiamos tener la posibilidad de integrar con las redes sociales de la universidad.",Sugerencia
Que nivel de complejidad le damos a esta historia?,Pregunta
"Yo diria que un 3, es manejable pero requiere coordinacion.",Respuesta
Estoy de acuerdo. Un 3 es adecuado.,Retroalimentacion
"Bien, lo dejamos en 3. Alguna otra cosa?",Pregunta
No tengo mas que decir.,Comentario
Todo claro.,Comentario
"Perfecto, continuemos.",Comentario
"Vamos con la siguiente historia de usuario: Yo como Estudiante necesito un sistema para reservar espacios de estudio en la biblioteca para asegurarme de tener un lugar donde estudiar. Que opinan, Javier y Laura?",Pregunta
Es muy necesario. Un sistema de reservas facilitaria mucho la organizacion del espacio en la biblioteca.,Respuesta
"Si, y permitiria a los estudiantes planificar mejor su tiempo de estudio.",Sugerencia
Que funcionalidades creen que deberia tener el sistema?,Pregunta
"Deberia permitir ver la disponibilidad de espacios, hacer reservas y recibir confirmaciones.",Sugerencia
Tambien seria util tener la opcion de cancelar o modificar reservas facilmente.,Sugerencia
Como propones que implementemos esto?,Pregunta
Podriamos empezar con un piloto en algunas areas de la biblioteca y luego expandirlo.,Sugerencia
Y deberiamos tener una aplicacion movil para que los estudiantes puedan hacer reservas desde cualquier lugar.,Sugerencia
Que nivel de complejidad le damos a esta historia?,Pregunta
"Yo diria que un 3, es manejable pero requiere coordinacion.",Respuesta
Estoy de acuerdo. Un 3 es adecuado.,Retroalimentacion
"Bien, lo dejamos en 3. Alguna otra cosa?",Pregunta
Nada mas por mi parte.,Comentario
Todo claro.,Comentario
"Perfecto, seguimos entonces.",Comentario
"La siguiente historia de usuario: Yo como Coordinador de Proyectos necesito una herramienta para gestionar los proyectos de investigacion y asegurarme de que se cumplan los plazos. Que opinan, Ana y Carlos?",Pregunta
Es fundamental. Una herramienta de gestion de proyectos mejoraria mucho la eficiencia en la investigacion.,Respuesta
"Si, y permitiria a los investigadores coordinarse mejor y cumplir con los plazos.",Sugerencia
Que funcionalidades creen que deberia tener la herramienta?,Pregunta
"Deberia permitir crear proyectos, asignar tareas, y hacer seguimiento del progreso.",Sugerencia
Tambien seria util tener alertas para plazos proximos y la posibilidad de generar reportes de avance.,Sugerencia
Que herramientas necesitariamos para esto?,Pregunta
Un buen software de gestion de proyectos y una interfaz amigable.,Sugerencia
"Estoy de acuerdo. Ademas, deberiamos asegurarnos de que la herramienta sea flexible para adaptarse a diferentes tipos de proyectos.",Sugerencia
Que nivel de complejidad le damos a esta historia?,Pregunta
"Yo diria que un 4, ya que requiere bastante trabajo y coordinacion.",Respuesta
Estoy de acuerdo. Un 4 refleja bien la complejidad.,Retroalimentacion
"Bien, lo dejamos en 4. Alguna otra cosa?",Pregunta
Nada mas por mi parte.,Comentario
Todo claro.,Comentario
"Perfecto, seguimos entonces.",Comentario
"Vamos con la siguiente historia de usuario: Yo como Responsable de Recursos Humanos necesito un sistema para gestionar las solicitudes de vacaciones y permisos del personal de manera eficiente. Que opinan, Marta y Luis?",Pregunta
Es muy necesario. Un sistema de gestion de solicitudes mejoraria mucho la eficiencia en Recursos Humanos.,Respuesta
"Si, y permitiria al personal hacer sus solicitudes de manera mas sencilla y rapida.",Sugerencia
Que funcionalidades creen que deberia tener el sistema?,Pregunta
"Deberia permitir enviar solicitudes, aprobarlas o rechazarlas, y llevar un registro de las mismas.",Sugerencia
Tambien seria util tener alertas para solicitudes pendientes y la posibilidad de ver el historial de permisos.,Sugerencia
Como propones que implementemos esto?,Pregunta
Podriamos empezar con un piloto en algunos departamentos y luego expandirlo.,Sugerencia
Y deberiamos tener una aplicacion movil para que el personal pueda hacer solicitudes desde cualquier lugar.,Sugerencia
Que nivel de complejidad le damos a esta historia?,Pregunta
"Yo diria que un 3, es manejable pero requiere coordinacion.",Respuesta
Estoy de acuerdo. Un 3 es adecuado.,Retroalimentacion
"Bien, lo dejamos en 3. Alguna otra cosa?",Pregunta
Eso es todo por mi parte.,Comentario
Todo en orden.,Comentario
"Muy bien, avanzamos.",Comentario
"Vamos con la siguiente historia de usuario: Yo como Responsable de Biblioteca necesito un sistema para gestionar los prestamos y devoluciones de libros de manera eficiente. Que opinan, Alberto y Sara?",Pregunta
Es muy necesario. Un sistema de gestion de prestamos mejoraria mucho la eficiencia en la biblioteca.,Respuesta
"Si, y permitiria a los usuarios saber la disponibilidad de los libros en tiempo real.",Sugerencia
Que funcionalidades creen que deberia tener el sistema?,Pregunta
"Deberia permitir registrar prestamos y devoluciones, enviar recordatorios de devolucion, y generar reportes de uso.",Sugerencia
Tambien seria util tener una opcion para reservar libros y ver el historial de prestamos de cada usuario.,Sugerencia
Como propones que implementemos esto?,Pregunta
Podriamos empezar con un piloto en algunas secciones de la biblioteca y luego expandirlo.,Sugerencia
Y deberiamos tener una aplicacion movil para que los usuarios puedan gestionar sus prestamos desde cualquier lugar.,Sugerencia
Que nivel de complejidad le damos a esta historia?,Pregunta
"Yo diria que un 3, es manejable pero requiere coordinacion.",Respuesta
Estoy de acuerdo. Un 3 es adecuado.,Retroalimentacion
"Bien, lo dejamos en 3. Alguna otra cosa?",Pregunta
Nada mas por mi parte.,Comentario
Todo claro.,Comentario
"Perfecto, seguimos entonces.",Comentario
"La siguiente historia de usuario: Yo como Coordinador de Deportes necesito una plataforma para gestionar las inscripciones y horarios de las actividades deportivas. Que opinan, Laura y Fernando?",Pregunta
Es muy util. Una plataforma de gestion de actividades deportivas mejoraria mucho la organizacion.,Respuesta
"Si, y permitiria a los estudiantes inscribirse mas facilmente en las actividades que les interesan.",Sugerencia
Que funcionalidades creen que deberia tener la plataforma?,Pregunta
"Deberia permitir crear actividades, gestionar inscripciones, y enviar notificaciones sobre cambios en los horarios.",Sugerencia
Tambien seria util tener un calendario de actividades y la posibilidad de recibir feedback de los participantes.,Sugerencia
Que herramientas necesitariamos para esto?,Pregunta
Un buen software de gestion de actividades y una interfaz amigable.,Sugerencia
"Estoy de acuerdo. Ademas, deberiamos tener la posibilidad de integrar con las redes sociales de la universidad.",Sugerencia
Que nivel de complejidad le damos a esta historia?,Pregunta
"Yo diria que un 3, es manejable pero requiere coordinacion.",Respuesta
Estoy de acuerdo. Un 3 es adecuado.,Retroalimentacion
"Bien, lo dejamos en 3. Alguna otra cosa?",Pregunta
Nada mas por mi parte.,Comentario
Todo claro.,Comentario
"Perfecto, seguimos entonces.",Comentario
"Vamos con la siguiente historia de usuario: Yo como Estudiante necesito un sistema para recibir tutorias en linea y resolver mis dudas academicas. Que opinan, Javier y Ana?",Pregunta
Es muy necesario. Un sistema de tutorias en linea facilitaria mucho el aprendizaje.,Respuesta
"Si, y permitiria a los estudiantes recibir ayuda de manera mas flexible y rapida.",Sugerencia
Que funcionalidades creen que deberia tener el sistema?,Pregunta
"Deberia permitir agendar tutorias, tener sesiones en linea, y recibir retroalimentacion.",Sugerencia
Tambien seria util tener un sistema de mensajeria para resolver dudas rapidas y la posibilidad de grabar las sesiones.,Sugerencia
Como propones que implementemos esto?,Pregunta
Podriamos empezar con un piloto en algunas materias y luego expandirlo.,Sugerencia
Y deberiamos tener una aplicacion movil para que los estudiantes puedan acceder a las tutorias desde cualquier lugar.,Sugerencia
Que nivel de complejidad le damos a esta historia?,Pregunta
"Yo diria que un 3, es manejable pero requiere coordinacion.",Respuesta
Estoy de acuerdo. Un 3 es adecuado.,Retroalimentacion
"Bien, lo dejamos en 3. Alguna otra cosa?",Pregunta
Nada mas por mi parte.,Comentario
Todo claro.,Comentario
"Perfecto, seguimos entonces.",Comentario
"La siguiente historia de usuario: Yo como Coordinadora de Bienestar Universitario necesito una plataforma para gestionar los servicios de salud y bienestar disponibles para los estudiantes. Que opinan, Luis y Marta?",Pregunta
Es muy necesario. Una plataforma de gestion de servicios de bienestar mejoraria mucho la atencion a los estudiantes.,Respuesta
"Si, y permitiria a los estudiantes acceder a los servicios de manera mas rapida y sencilla.",Sugerencia
Que funcionalidades creen que deberia tener la plataforma?,Pregunta
"Deberia permitir agendar citas, recibir notificaciones de recordatorio, y acceder a recursos de bienestar.",Sugerencia
Tambien seria util tener la opcion de consultas en linea y la posibilidad de recibir feedback de los usuarios.,Sugerencia
Que herramientas necesitariamos para esto?,Pregunta
Un buen software de gestion de citas y una interfaz amigable.,Sugerencia
"Estoy de acuerdo. Ademas, deberiamos asegurarnos de que la plataforma sea segura y proteja la informacion personal de los usuarios.",Sugerencia
Que nivel de complejidad le damos a esta historia?,Pregunta
"Yo diria que un 4, ya que requiere bastante trabajo y coordinacion.",Respuesta
Estoy de acuerdo. Un 4 refleja bien la complejidad.,Retroalimentacion
"Bien, lo dejamos en 4. Alguna otra cosa?",Pregunta
Nada mas por mi parte.,Comentario
Todo claro.,Comentario
"Perfecto, seguimos entonces.",Comentario
"Vamos con la siguiente historia de usuario: Yo como Responsable de Seguridad necesito un sistema para gestionar el acceso a las instalaciones de la universidad y garantizar la seguridad de todos. Que opinan, Elena y Pedro?",Pregunta
Es fundamental. Un sistema de gestion de acceso mejoraria mucho la seguridad en la universidad.,Respuesta
"Si, y permitiria controlar mejor quien entra y sale de las instalaciones.",Sugerencia
Que funcionalidades creen que deberia tener el sistema?,Pregunta
"Deberia permitir registrar entradas y salidas, enviar alertas de seguridad, y generar reportes de acceso.",Sugerencia
Tambien seria util tener camaras de seguridad integradas y la posibilidad de restringir el acceso a ciertas areas.,Sugerencia
Como propones que implementemos esto?,Pregunta
Podriamos empezar con un piloto en algunos edificios y luego expandirlo.,Sugerencia
Y deberiamos tener una aplicacion movil para que el personal de seguridad pueda gestionar el acceso desde cualquier lugar.,Sugerencia
Que nivel de complejidad le damos a esta historia?,Pregunta
"Yo diria que un 4, ya que requiere bastante trabajo y coordinacion.",Respuesta
Estoy de acuerdo. Un 4 refleja bien la complejidad.,Retroalimentacion
"Bien, lo dejamos en 4. Alguna otra cosa?",Pregunta
Nada mas por mi parte.,Comentario
Todo claro.,Comentario
"Perfecto, seguimos entonces.",Comentario
"Vamos con la siguiente historia de usuario: Yo como Administradora de Recursos Humanos necesito una plataforma para gestionar las solicitudes de permisos y vacaciones del personal. Que opinan, Andres y Paula?",Pregunta
Es muy util. Una plataforma de gestion de permisos y vacaciones mejoraria mucho la eficiencia administrativa.,Respuesta
"Si, y permitiria al personal gestionar sus solicitudes de manera mas sencilla.",Sugerencia
Que funcionalidades creen que deberia tener la plataforma?,Pregunta
"Deberia permitir enviar solicitudes, aprobarlas o rechazarlas, y llevar un registro de todas las solicitudes.",Sugerencia
Tambien seria util tener notificaciones automaticas y la posibilidad de ver el saldo de vacaciones disponible.,Sugerencia
Como propones que implementemos esto?,Pregunta
Podriamos empezar con un piloto en algunos departamentos y luego expandirlo.,Sugerencia
Y deberiamos tener una aplicacion movil para que el personal pueda gestionar sus solicitudes desde cualquier lugar.,Sugerencia
Que nivel de complejidad le damos a esta historia?,Pregunta
"Yo diria que un 3, es manejable pero requiere coordinacion.",Respuesta
Estoy de acuerdo. Un 3 es adecuado.,Retroalimentacion
"Bien, lo dejamos en 3. Alguna otra cosa?",Pregunta
Nada mas por mi parte.,Comentario
Todo claro.,Comentario
"Perfecto, seguimos entonces.",Comentario
"La siguiente historia de usuario: Yo como Responsable de Tecnologia necesito una herramienta para monitorear el rendimiento de los servidores y detectar fallos en tiempo real. Que opinan, Marta y Javier?",Pregunta
Es esencial. Una herramienta de monitoreo en tiempo real nos ayudaria a prevenir problemas antes de que afecten a los usuarios.,Respuesta
"Si, y permitiria solucionar los problemas de manera mas rapida y eficiente.",Sugerencia
Que funcionalidades creen que deberia tener la herramienta?,Pregunta
"Deberia permitir visualizar el rendimiento de los servidores, enviar alertas en caso de fallos y generar reportes de rendimiento.",Sugerencia
Tambien seria util tener un sistema de analisis predictivo para anticipar posibles problemas.,Sugerencia
Como propones que implementemos esto?,Pregunta
Podriamos empezar con un piloto en algunos servidores criticos y luego expandirlo.,Sugerencia
Y deberiamos ofrecer capacitacion al equipo sobre como usar la herramienta de monitoreo.,Sugerencia
Que nivel de complejidad le damos a esta historia?,Pregunta
"Yo diria que un 4, ya que implica integracion con sistemas existentes y capacitacion.",Respuesta
Estoy de acuerdo. Un 4 es adecuado.,Retroalimentacion
"Bien, lo dejamos en 4. Alguna otra cosa?",Pregunta
Nada mas por mi parte.,Comentario
Todo claro.,Comentario
"Perfecto, seguimos entonces.",Comentario
"Vamos con la siguiente historia de usuario: Yo como Coordinadora de Proyectos necesito una herramienta para gestionar las tareas y el progreso de los proyectos de manera colaborativa. Que opinan, Diego y Laura?",Pregunta
Es muy importante. Una herramienta de gestion de proyectos mejoraria la organizacion y seguimiento de las tareas.,Respuesta
"Si, y permitiria a los miembros del equipo colaborar de manera mas efectiva.",Sugerencia
Que funcionalidades creen que deberia tener la herramienta?,Pregunta
"Deberia permitir asignar tareas, establecer plazos, y visualizar el progreso del proyecto.",Sugerencia
Tambien seria util tener un sistema de comunicacion integrado y la posibilidad de adjuntar documentos.,Sugerencia
Como propones que implementemos esto?,Pregunta
Podriamos empezar con un piloto en algunos proyectos clave y luego expandirlo.,Sugerencia
Y deberiamos ofrecer talleres de formacion sobre como usar la herramienta de gestion de proyectos.,Sugerencia
Que nivel de complejidad le damos a esta historia?,Pregunta
"Yo diria que un 3, es manejable pero requiere coordinacion y formacion.",Respuesta
Estoy de acuerdo. Un 3 es adecuado.,Retroalimentacion
"Bien, lo dejamos en 3. Alguna otra cosa?",Pregunta
Nada mas por mi parte.,Comentario
Todo claro.,Comentario
"Perfecto, seguimos entonces.",Comentario
"La siguiente historia de usuario: Yo como Responsable de Marketing necesito una herramienta para analizar el rendimiento de nuestras campanas publicitarias en redes sociales. Que opinan, Ana y Luis?",Pregunta
Es muy util. Una herramienta de analisis de campanas nos permitiria optimizar nuestras estrategias de marketing.,Respuesta
"Si, y permitiria tomar decisiones basadas en datos concretos.",Sugerencia
Que funcionalidades creen que deberia tener la herramienta?,Pregunta
"Deberia permitir medir el alcance, la interaccion y la conversion de las campanas.",Sugerencia
Tambien seria util tener la capacidad de comparar el rendimiento entre diferentes campanas y plataformas.,Sugerencia
Como propones que implementemos esto?,Pregunta
Podriamos empezar con un piloto en algunas campanas recientes y luego expandirlo.,Sugerencia
Y deberiamos tener reportes automaticos y detallados para facilitar el analisis.,Sugerencia
Que nivel de complejidad le damos a esta historia?,Pregunta
"Yo diria que un 4, ya que implica integracion con multiples plataformas y analisis de datos.",Respuesta
Estoy de acuerdo. Un 4 es adecuado.,Retroalimentacion
"Bien, lo dejamos en 4. Alguna otra cosa?",Pregunta
Nada mas por mi parte.,Comentario
Todo claro.,Comentario
"Perfecto, seguimos entonces.",Comentario
"Vamos con la siguiente historia de usuario: Yo como Responsable de Atencion al Cliente necesito una plataforma para gestionar y resolver las consultas y quejas de los clientes de manera eficiente. Que opinan, Francisco y Maria?",Pregunta
Es muy importante. Una plataforma de gestion de consultas mejoraria mucho la satisfaccion del cliente.,Respuesta
"Si, y permitiria resolver los problemas de los clientes de manera mas rapida y organizada.",Sugerencia
Que funcionalidades creen que deberia tener la plataforma?,Pregunta
"Deberia permitir registrar consultas, asignarlas a los agentes adecuados y hacer seguimiento de las resoluciones.",Sugerencia
Tambien seria util tener una base de conocimientos para que los agentes puedan consultar soluciones a problemas comunes.,Sugerencia
Como propones que implementemos esto?,Pregunta
Podriamos empezar con un piloto en algunos departamentos y luego expandirlo.,Sugerencia
Y deberiamos ofrecer formacion continua a los agentes sobre como usar la plataforma de atencion al cliente.,Sugerencia
Que nivel de complejidad le damos a esta historia?,Pregunta
"Yo diria que un 3, es manejable pero requiere coordinacion y formacion.",Respuesta
Estoy de acuerdo. Un 3 es adecuado.,Retroalimentacion
"Bien, lo dejamos en 3. Alguna otra cosa?",Pregunta
Nada mas por mi parte.,Comentario
Todo claro.,Comentario
"Perfecto, seguimos entonces.",Comentario
"Vamos con la siguiente historia de usuario: Yo como Directora de Finanzas necesito una plataforma para automatizar la contabilidad y generar reportes financieros precisos. Que opinan, Manuel y Teresa?",Pregunta
Es muy necesario. Una plataforma de automatizacion contable mejoraria la precision y eficiencia de nuestras operaciones financieras.,Respuesta
"Si, y permitiria tener reportes financieros actualizados en tiempo real para tomar decisiones mas informadas.",Sugerencia
Que funcionalidades creen que deberia tener la plataforma?,Pregunta
"Deberia permitir registrar transacciones automaticamente, conciliar cuentas y generar reportes financieros detallados.",Sugerencia
Tambien seria util tener la capacidad de integrar con otros sistemas financieros y cumplir con las normativas fiscales.,Sugerencia
Como propones que implementemos esto?,Pregunta
Podriamos empezar con un piloto en algunas areas contables y luego expandirlo.,Sugerencia
Y deberiamos ofrecer formacion al equipo de finanzas sobre como usar la plataforma de automatizacion contable.,Sugerencia
Que nivel de complejidad le damos a esta historia?,Pregunta
"Yo diria que un 4, ya que implica integracion con multiples sistemas y cumplimiento normativo.",Respuesta
Estoy de acuerdo. Un 4 es adecuado.,Retroalimentacion
"Bien, lo dejamos en 4. Alguna otra cosa?",Pregunta
Nada mas por mi parte.,Comentario
Todo claro.,Comentario
"Perfecto, seguimos entonces.",Comentario
"Vamos con la siguiente historia de usuario: Yo como Directora de Ventas necesito una herramienta para hacer seguimiento a los leads y gestionar el pipeline de ventas. Que opinan, Alejandro y Patricia?",Pregunta
Es muy necesario. Una herramienta de gestion de leads mejoraria la eficiencia del equipo de ventas.,Respuesta
"Si, y permitiria tener una vision clara del progreso de cada oportunidad de venta.",Sugerencia
Que funcionalidades creen que deberia tener la herramienta?,Pregunta
"Deberia permitir registrar y clasificar leads, establecer recordatorios y generar reportes de ventas.",Sugerencia
Tambien seria util tener un sistema de puntuacion de leads y la capacidad de integrar con el correo electronico.,Sugerencia
Como propones que implementemos esto?,Pregunta
Podriamos empezar con un piloto en algunas regiones y luego expandirlo.,Sugerencia
Y deberiamos ofrecer formacion al equipo de ventas sobre como utilizar la herramienta de manera efectiva.,Sugerencia
Que nivel de complejidad le damos a esta historia?,Pregunta
"Yo diria que un 3, es manejable pero requiere integracion con otros sistemas.",Respuesta
Estoy de acuerdo. Un 3 es adecuado.,Retroalimentacion
"Bien, lo dejamos en 3. Alguna otra cosa?",Pregunta
Nada mas por mi parte.,Comentario
Todo claro.,Comentario
"Perfecto, seguimos entonces.",Comentario
"La siguiente historia de usuario: Yo como Responsable de Logistica necesito un sistema para optimizar la planificacion y seguimiento de las rutas de entrega. Que opinan, Claudia y Sergio?",Pregunta
Es muy util. Un sistema de optimizacion de rutas mejoraria la eficiencia de las entregas.,Respuesta
"Si, y permitiria reducir los costos y tiempos de entrega.",Sugerencia
Que funcionalidades creen que deberia tener el sistema?,Pregunta
"Deberia permitir planificar rutas, hacer seguimiento en tiempo real y generar reportes de desempeno.",Sugerencia
Tambien seria util tener la capacidad de ajustar las rutas en funcion del trafico y las condiciones climaticas.,Sugerencia
Como propones que implementemos esto?,Pregunta
Podriamos empezar con un piloto en algunas zonas y luego expandirlo.,Sugerencia
Y deberiamos ofrecer capacitacion a los conductores sobre como usar el sistema de rutas.,Sugerencia
Que nivel de complejidad le damos a esta historia?,Pregunta
"Yo diria que un 4, ya que implica integracion con GPS y otros sistemas.",Respuesta
Estoy de acuerdo. Un 4 es adecuado.,Retroalimentacion
"Bien, lo dejamos en 4. Alguna otra cosa?",Pregunta
Nada mas por mi parte.,Comentario
Todo claro.,Comentario
"Perfecto, seguimos entonces.",Comentario
"Vamos con la siguiente historia de usuario: Yo como Responsable de Calidad necesito una herramienta para gestionar las auditorias internas y asegurar el cumplimiento de normas. Que opinan, Marcos y Teresa?",Pregunta
Es muy importante. Una herramienta de gestion de auditorias mejoraria la calidad y el cumplimiento.,Respuesta
"Si, y permitiria identificar y solucionar problemas de manera mas rapida.",Sugerencia
Que funcionalidades creen que deberia tener la herramienta?,Pregunta
"Deberia permitir planificar auditorias, registrar hallazgos y generar reportes de cumplimiento.",Sugerencia
Tambien seria util tener un sistema de seguimiento de acciones correctivas y preventivas.,Sugerencia
Como propones que implementemos esto?,Pregunta
Podriamos empezar con un piloto en algunas areas clave y luego expandirlo.,Sugerencia
Y deberiamos ofrecer formacion a los auditores sobre como usar la herramienta de auditorias.,Sugerencia
Que nivel de complejidad le damos a esta historia?,Pregunta
"Yo diria que un 3, es manejable pero requiere coordinacion y formacion.",Respuesta
Estoy de acuerdo. Un 3 es adecuado.,Retroalimentacion
"Bien, lo dejamos en 3. Alguna otra cosa?",Pregunta
Nada mas por mi parte.,Comentario
Todo claro.,Comentario
"Perfecto, seguimos entonces.",Comentario
"La siguiente historia de usuario: Yo como Jefe de Produccion necesito un sistema para monitorear y optimizar el rendimiento de las lineas de produccion en tiempo real. Que opinan, Lorena y Juan?",Pregunta
Es esencial. Un sistema de monitoreo en tiempo real nos ayudaria a mejorar la eficiencia y reducir desperdicios.,Respuesta
"Si, y permitiria identificar rapidamente cualquier problema en la produccion.",Sugerencia
Que funcionalidades creen que deberia tener el sistema?,Pregunta
"Deberia permitir visualizar el rendimiento de las lineas, enviar alertas en caso de fallos y generar reportes de produccion.",Sugerencia
Tambien seria util tener un sistema de analisis de datos para optimizar los procesos de produccion.,Sugerencia
Como propones que implementemos esto?,Pregunta
Podriamos empezar con un piloto en algunas lineas de produccion y luego expandirlo.,Sugerencia
Y deberiamos ofrecer capacitacion al personal sobre como usar el sistema de monitoreo.,Sugerencia
Que nivel de complejidad le damos a esta historia?,Pregunta
"Yo diria que un 4, ya que implica integracion con los sistemas existentes y analisis de datos.",Respuesta
Estoy de acuerdo. Un 4 es adecuado.,Retroalimentacion
"Bien, lo dejamos en 4. Alguna otra cosa?",Pregunta
Nada mas por mi parte.,Comentario
Todo claro.,Comentario
"Perfecto, seguimos entonces.",Comentario
"Vamos con la siguiente historia de usuario: Yo como Responsable de Innovacion necesito una plataforma para gestionar las ideas y proyectos de innovacion dentro de la empresa. Que opinan, Tomas y Marta?",Pregunta
Es muy util. Una plataforma de gestion de innovacion fomentaria la creatividad y nuevas ideas.,Respuesta
"Si, y permitiria seguir el progreso de los proyectos de innovacion de manera mas organizada.",Sugerencia
Que funcionalidades creen que deberia tener la plataforma?,Pregunta
"Deberia permitir registrar ideas, asignar recursos y hacer seguimiento del progreso de los proyectos.",Sugerencia
Tambien seria util tener un sistema de votacion y comentarios para evaluar las ideas.,Sugerencia
Como propones que implementemos esto?,Pregunta
Podriamos empezar con un piloto en algunos departamentos y luego expandirlo.,Sugerencia
Y deberiamos ofrecer talleres de formacion sobre como usar la plataforma de innovacion.,Sugerencia
Que nivel de complejidad le damos a esta historia?,Pregunta
"Yo diria que un 3, es manejable pero requiere coordinacion y formacion.",Respuesta
Estoy de acuerdo. Un 3 es adecuado.,Retroalimentacion
"Bien, lo dejamos en 3. Alguna otra cosa?",Pregunta
Nada mas por mi parte.,Comentario
Todo claro.,Comentario
"Perfecto, seguimos entonces.",Comentario
"Vamos con la siguiente historia de usuario: Yo como Gerente de Relaciones Publicas necesito una herramienta para gestionar y monitorear la reputacion de la empresa en redes sociales. Que opinan, Fernando y Alicia?",Pregunta
Es muy necesario. Una herramienta de monitoreo de reputacion nos ayudaria a reaccionar rapidamente ante cualquier crisis.,Respuesta
"Si, y permitiria analizar los comentarios y opiniones de los usuarios para mejorar nuestra estrategia de comunicacion.",Sugerencia
Que funcionalidades creen que deberia tener la herramienta?,Pregunta
"Deberia permitir rastrear menciones de la empresa, analizar el sentimiento de los comentarios y generar alertas en caso de comentarios negativos.",Sugerencia
Tambien seria util tener la capacidad de programar publicaciones y generar reportes de actividad en redes sociales.,Sugerencia
Como propones que implementemos esto?,Pregunta
Podriamos empezar con un piloto en algunas cuentas de redes sociales y luego expandirlo.,Sugerencia
Y deberiamos ofrecer formacion al equipo de relaciones publicas sobre como usar la herramienta de monitoreo.,Sugerencia
Que nivel de complejidad le damos a esta historia?,Pregunta
"Yo diria que un 4, ya que implica integracion con multiples plataformas y analisis de datos.",Respuesta
Estoy de acuerdo. Un 4 es adecuado.,Retroalimentacion
"Bien, lo dejamos en 4. Alguna otra cosa?",Pregunta
Nada mas por mi parte.,Comentario
Todo claro.,Comentario
"Perfecto, seguimos entonces.",Comentario
"La siguiente historia de usuario: Yo como Jefe de Seguridad Informatica necesito un sistema para detectar y responder a amenazas ciberneticas en tiempo real. Que opinan, Laura y Miguel?",Pregunta
Es esencial. Un sistema de deteccion de amenazas en tiempo real nos ayudaria a proteger mejor nuestros datos.,Respuesta
"Si, y permitiria mitigar los riesgos antes de que se conviertan en problemas mayores.",Sugerencia
Que funcionalidades creen que deberia tener el sistema?,Pregunta
"Deberia permitir identificar amenazas, enviar alertas inmediatas y automatizar respuestas a incidentes.",Sugerencia
Tambien seria util tener un sistema de analisis forense para investigar incidentes pasados.,Sugerencia
Como propones que implementemos esto?,Pregunta
Podriamos empezar con un piloto en algunos sistemas criticos y luego expandirlo.,Sugerencia
Y deberiamos ofrecer formacion continua al equipo de seguridad sobre como usar el sistema de deteccion.,Sugerencia
Que nivel de complejidad le damos a esta historia?,Pregunta
"Yo diria que un 5, ya que implica alta tecnologia e integracion compleja.",Respuesta
Estoy de acuerdo. Un 5 es adecuado.,Retroalimentacion
"Bien, lo dejamos en 5. Alguna otra cosa?",Pregunta
Nada mas por mi parte.,Comentario
Todo claro.,Comentario
"Perfecto, seguimos entonces.",Comentario
"Vamos con la siguiente historia de usuario: Yo como Responsable de Compras necesito una plataforma para gestionar las ordenes de compra y el inventario de manera eficiente. Que opinan, Pablo y Veronica?",Pregunta
Es muy util. Una plataforma de gestion de compras mejoraria la precision y eficiencia de nuestras operaciones.,Respuesta
"Si, y permitiria tener un control mas riguroso del inventario y las ordenes de compra.",Sugerencia
Que funcionalidades creen que deberia tener la plataforma?,Pregunta
"Deberia permitir crear y aprobar ordenes de compra, hacer seguimiento de entregas y gestionar el inventario en tiempo real.",Sugerencia
Tambien seria util tener la capacidad de generar reportes de compras y analisis de proveedores.,Sugerencia
Como propones que implementemos esto?,Pregunta
Podriamos empezar con un piloto en algunas categorias de productos y luego expandirlo.,Sugerencia
Y deberiamos ofrecer formacion al equipo de compras sobre como usar la plataforma de manera efectiva.,Sugerencia
Que nivel de complejidad le damos a esta historia?,Pregunta
"Yo diria que un 3, es manejable pero requiere integracion con otros sistemas.",Respuesta
Estoy de acuerdo. Un 3 es adecuado.,Retroalimentacion
"Bien, lo dejamos en 3. Alguna otra cosa?",Pregunta
Nada mas por mi parte.,Comentario
Todo claro.,Comentario
"Perfecto, seguimos entonces.",Comentario
"La siguiente historia de usuario: Yo como Director de Recursos Humanos necesito una herramienta para evaluar el desempeno de los empleados y gestionar las revisiones anuales. Que opinan, Silvia y Andres?",Pregunta
Es muy importante. Una herramienta de evaluacion de desempeno nos ayudaria a identificar areas de mejora y reconocer logros.,Respuesta
"Si, y permitiria hacer un seguimiento continuo del progreso de los empleados.",Sugerencia
Que funcionalidades creen que deberia tener la herramienta?,Pregunta
"Deberia permitir realizar evaluaciones periodicas, establecer objetivos y generar reportes de desempeno.",Sugerencia
Tambien seria util tener un sistema de retroalimentacion continua y la capacidad de personalizar las evaluaciones segun los roles.,Sugerencia
Como propones que implementemos esto?,Pregunta
Podriamos empezar con un piloto en algunos departamentos y luego expandirlo.,Sugerencia
Y deberiamos ofrecer formacion a los gerentes sobre como usar la herramienta de evaluacion de desempeno.,Sugerencia
Que nivel de complejidad le damos a esta historia?,Pregunta
"Yo diria que un 4, ya que implica integracion con otros sistemas de recursos humanos.",Respuesta
Estoy de acuerdo. Un 4 es adecuado.,Retroalimentacion
"Bien, lo dejamos en 4. Alguna otra cosa?",Pregunta
Nada mas por mi parte.,Comentario
Todo claro.,Comentario
"Perfecto, seguimos entonces.",Comentario
"Vamos con la siguiente historia de usuario: Yo como Responsable de Formacion necesito una plataforma para gestionar los programas de capacitacion y el progreso de los empleados. Que opinan, Javier y Ana?",Pregunta
Es muy util. Una plataforma de gestion de formacion mejoraria la organizacion y seguimiento de los programas de capacitacion.,Respuesta
"Si, y permitiria a los empleados acceder a los cursos y materiales de formacion de manera mas sencilla.",Sugerencia
Que funcionalidades creen que deberia tener la plataforma?,Pregunta
"Deberia permitir crear y gestionar cursos, seguir el progreso de los empleados y generar certificados de finalizacion.",Sugerencia
Tambien seria util tener un sistema de evaluacion de los cursos y la capacidad de integrar con otras herramientas de formacion.,Sugerencia
Como propones que implementemos esto?,Pregunta
Podriamos empezar con un piloto en algunos programas de formacion y luego expandirlo.,Sugerencia
Y deberiamos ofrecer formacion a los empleados sobre como usar la plataforma de manera efectiva.,Sugerencia
Que nivel de complejidad le damos a esta historia?,Pregunta
"Yo diria que un 3, es manejable pero requiere integracion con otros sistemas de recursos humanos.",Respuesta
Estoy de acuerdo. Un 3 es adecuado.,Retroalimentacion
"Bien, lo dejamos en 3. Alguna otra cosa?",Pregunta
Nada mas por mi parte.,Comentario
Todo claro.,Comentario
"Perfecto, seguimos entonces.",Comentario
"Vamos con la siguiente historia de usuario: Yo como Responsable de Marketing necesito una herramienta para analizar la efectividad de nuestras campanas publicitarias y optimizar el gasto en publicidad. Que opinan, Luis y Natalia?",Pregunta
Es muy necesario. Una herramienta de analisis de campanas nos ayudaria a maximizar el retorno de inversion.,Respuesta
"Si, y permitiria identificar que estrategias estan funcionando mejor y ajustar en consecuencia.",Sugerencia
Que funcionalidades creen que deberia tener la herramienta?,Pregunta
"Deberia permitir rastrear el rendimiento de las campanas, analizar datos de audiencia y generar reportes detallados.",Sugerencia
Tambien seria util tener la capacidad de realizar pruebas A/B y optimizar automaticamente el gasto en publicidad.,Sugerencia
Como propones que implementemos esto?,Pregunta
Podriamos empezar con un piloto en algunas campanas y luego expandirlo.,Sugerencia
Y deberiamos ofrecer formacion al equipo de marketing sobre como usar la herramienta de analisis.,Sugerencia
Que nivel de complejidad le damos a esta historia?,Pregunta
"Yo diria que un 4, ya que implica analisis de datos y optimizacion continua.",Respuesta
Estoy de acuerdo. Un 4 es adecuado.,Retroalimentacion
"Bien, lo dejamos en 4. Alguna otra cosa?",Pregunta
Nada mas por mi parte.,Comentario
Todo claro.,Comentario
"Perfecto, seguimos entonces.",Comentario
"La siguiente historia de usuario: Yo como Jefe de Proyectos necesito una herramienta para gestionar los cronogramas y recursos de los proyectos de manera eficiente. Que opinan, Sofia y Diego?",Pregunta
Es muy util. Una herramienta de gestion de proyectos mejoraria la planificacion y ejecucion de nuestros proyectos.,Respuesta
"Si, y permitiria tener una vision clara del progreso y los recursos utilizados.",Sugerencia
Que funcionalidades creen que deberia tener la herramienta?,Pregunta
"Deberia permitir crear cronogramas, asignar tareas y recursos, y hacer seguimiento del progreso en tiempo real.",Sugerencia
Tambien seria util tener la capacidad de generar reportes de estado y gestionar riesgos del proyecto.,Sugerencia
Como propones que implementemos esto?,Pregunta
Podriamos empezar con un piloto en algunos proyectos clave y luego expandirlo.,Sugerencia
Y deberiamos ofrecer formacion al equipo de proyectos sobre como usar la herramienta de gestion.,Sugerencia
Que nivel de complejidad le damos a esta historia?,Pregunta
"Yo diria que un 3, es manejable pero requiere integracion con otros sistemas de gestion.",Respuesta
Estoy de acuerdo. Un 3 es adecuado.,Retroalimentacion
"Bien, lo dejamos en 3. Alguna otra cosa?",Pregunta
Nada mas por mi parte.,Comentario
Todo claro.,Comentario
"Perfecto, seguimos entonces.",Comentario
"Vamos con la siguiente historia de usuario: Yo como Responsable de Atencion al Cliente necesito un sistema para gestionar y resolver las consultas y quejas de los clientes de manera eficiente. Que opinan, Andres y Maria?",Pregunta
Es muy importante. Un sistema de gestion de consultas mejoraria la satisfaccion del cliente.,Respuesta
"Si, y permitiria resolver las quejas de manera mas rapida y organizada.",Sugerencia
Que funcionalidades creen que deberia tener el sistema?,Pregunta
"Deberia permitir registrar y categorizar consultas, asignarlas a los agentes adecuados y hacer seguimiento del estado.",Sugerencia
Tambien seria util tener un sistema de retroalimentacion para evaluar la satisfaccion del cliente y generar reportes de rendimiento.,Sugerencia
Como propones que implementemos esto?,Pregunta
Podriamos empezar con un piloto en algunos departamentos y luego expandirlo.,Sugerencia
Y deberiamos ofrecer formacion al equipo de atencion al cliente sobre como usar el sistema de gestion.,Sugerencia
Que nivel de complejidad le damos a esta historia?,Pregunta
"Yo diria que un 3, es manejable pero requiere integracion con otros sistemas de atencion al cliente.",Respuesta
Estoy de acuerdo. Un 3 es adecuado.,Retroalimentacion
"Bien, lo dejamos en 3. Alguna otra cosa?",Pregunta
Nada mas por mi parte.,Comentario
Todo claro.,Comentario
"Perfecto, seguimos entonces.",Comentario
"La siguiente historia de usuario: Yo como Responsable de Innovacion Tecnologica necesito una plataforma para gestionar el ciclo de vida de los productos desde la idea hasta el lanzamiento. Que opinan, Ana y Jorge?",Pregunta
Es muy util. Una plataforma de gestion del ciclo de vida de productos mejoraria la coordinacion y eficiencia del desarrollo de productos.,Respuesta
"Si, y permitiria tener una vision clara de todas las etapas del ciclo de vida del producto.",Sugerencia
Que funcionalidades creen que deberia tener la plataforma?,Pregunta
"Deberia permitir registrar ideas, gestionar el desarrollo, hacer seguimiento de pruebas y planificar el lanzamiento.",Sugerencia
Tambien seria util tener un sistema de colaboracion para que los equipos puedan trabajar juntos de manera mas eficiente.,Sugerencia
Como propones que implementemos esto?,Pregunta
Podriamos empezar con un piloto en algunos productos y luego expandirlo.,Sugerencia
Y deberiamos ofrecer formacion a los equipos de desarrollo sobre como usar la plataforma de gestion.,Sugerencia
Que nivel de complejidad le damos a esta historia?,Pregunta
"Yo diria que un 4, ya que implica coordinacion entre multiples equipos y etapas.",Respuesta
Estoy de acuerdo. Un 4 es adecuado.,Retroalimentacion
"Bien, lo dejamos en 4. Alguna otra cosa?",Pregunta
Nada mas por mi parte.,Comentario
Todo claro.,Comentario
"Perfecto, seguimos entonces.",Comentario
Yo diria que un 3 es manejable pero requiere planificacion,Respuesta

Estoy de acuerdo Un 3 refleja bien la complejidad,Retroalimentacion

Podriamos empezar con un piloto en algunos eventos y luego expandirlo,Sugerencia

Si y deberiamos ofrecer capacitacion al equipo de eventos,Sugerencia

Nada mas por mi parte,Comentario

Todo claro,Comentario

Yo diria que un 4 ya que implica integracion con multiples sistemas,Respuesta

Estoy de acuerdo Un 4 es adecuado,Retroalimentacion

Podriamos empezar con un analisis de mercado en algunas regiones,Sugerencia

Si y deberiamos tener reportes automaticos para facilitar el analisis,Sugerencia

Nada mas por mi parte,Comentario

Todo claro,Comentario

Yo diria que un 3 es manejable pero requiere coordinacion,Respuesta

Estoy de acuerdo Un 3 es adecuado,Retroalimentacion

Podriamos empezar con un piloto en algunos departamentos,Sugerencia

Si y deberiamos ofrecer talleres de formacion sobre colaboracion,Sugerencia

Nada mas por mi parte,Comentario

Todo claro,Comentario

Yo diria que un 4 ya que requiere bastante trabajo y coordinacion,Respuesta

Estoy de acuerdo Un 4 refleja bien la complejidad,Retroalimentacion

Podriamos integrar evaluaciones de desempeno con planes de carrera,Sugerencia

Si y deberiamos ofrecer mentorias para el desarrollo profesional,Sugerencia

Nada mas por mi parte,Comentario

Todo claro,Comentario

Yo diria que un 3 es manejable pero requiere gestion de riesgos,Respuesta

Estoy de acuerdo Un 3 es adecuado,Retroalimentacion

Podriamos empezar con un piloto en algunos proyectos clave,Sugerencia

Si y deberiamos realizar auditorias de calidad periodicas,Sugerencia

Nada mas por mi parte,Comentario

Todo claro,Comentario

Considero que es un 2 ya que es bastante sencillo de implementar,Respuesta

Coincido Un 2 es una buena evaluacion,Retroalimentacion

Podriamos lanzar una campana piloto para medir la aceptacion,Sugerencia

Ademas deberiamos incluir un modulo de formacion para el personal,Sugerencia

No tengo mas comentarios,Comentario

Todo entendido,Comentario

Pienso que es un 5 porque requiere la colaboracion de varios departamentos,Respuesta

Estoy de acuerdo Un 5 captura bien la complejidad,Retroalimentacion

Podriamos comenzar con un estudio de viabilidad en ciertas areas,Sugerencia

Tambien deberiamos establecer un sistema de seguimiento de progreso,Sugerencia

Eso es todo por ahora,Comentario

Todo esta claro,Comentario

Creo que es un 1 ya que no presenta mayores complicaciones,Respuesta

Estoy de acuerdo Un 1 es apropiado,Retroalimentacion

Podriamos implementarlo directamente en el proximo trimestre,Sugerencia

Tambien deberiamos considerar un plan de comunicacion interna,Sugerencia

No tengo nada mas que anadir,Comentario

Todo esta entendido,Comentario

Opino que es un 4 debido a la necesidad de recursos adicionales,Respuesta

Estoy de acuerdo Un 4 refleja bien la situacion,Retroalimentacion

Podriamos hacer un analisis de costo-beneficio antes de proceder,Sugerencia

Ademas deberiamos crear un equipo dedicado para este proyecto,Sugerencia

Eso seria todo por mi parte,Comentario

Todo esta claro,Comentario

Diria que es un 3 porque implica varios pasos pero es factible,Respuesta

Estoy de acuerdo Un 3 es una buena estimacion,Retroalimentacion

Podriamos empezar con una fase de prueba en un entorno controlado,Sugerencia

Tambien deberiamos desarrollar un manual de procedimientos,Sugerencia

No tengo mas que decir,Comentario

Todo esta entendido,Comentario

Veo esto como un 2 ya que es bastante directo de ejecutar,Respuesta

Estoy de acuerdo Un 2 es adecuado para esta situacion,Retroalimentacion

Podriamos iniciar un prototipo para evaluar su eficacia,Sugerencia

Ademas deberiamos incluir sesiones de capacitacion,Sugerencia

No tengo mas observaciones,Comentario

Todo esta comprendido,Comentario

Estimo que es un 5 por la complejidad tecnica involucrada,Respuesta

Coincido Un 5 es una evaluacion justa,Retroalimentacion

Podriamos comenzar con un analisis detallado de los requisitos,Sugerencia

Tambien deberiamos establecer un comite de supervision,Sugerencia

Eso es todo lo que tengo que decir,Comentario

Todo esta claro para mi,Comentario

Considero que es un 1 ya que es muy sencillo de implementar,Respuesta

Estoy de acuerdo Un 1 es una buena calificacion,Retroalimentacion

Podriamos llevarlo a cabo en la proxima reunion trimestral,Sugerencia

Ademas deberiamos preparar un documento de preguntas frecuentes,Sugerencia

No tengo mas aportes,Comentario

Todo esta entendido,Comentario

Pienso que es un 4 debido a la cantidad de recursos necesarios,Respuesta

Estoy de acuerdo Un 4 refleja bien los desafios,Retroalimentacion

Podriamos realizar un taller de planificacion antes de comenzar,Sugerencia

Tambien deberiamos crear un plan de contingencia,Sugerencia

Eso es todo por ahora,Comentario

Todo esta claro,Comentario

Diria que es un 3 ya que implica coordinacion pero es manejable,Respuesta

Coincido Un 3 es una buena estimacion,Retroalimentacion

Podriamos iniciar con una evaluacion de riesgos,Sugerencia

Ademas deberiamos desarrollar un cronograma detallado,Sugerencia

No tengo nada mas que anadir,Comentario

Todo esta comprendido,Comentario

Veo esto como un 2 porque es bastante manejable,Respuesta

Estoy de acuerdo Un 2 es apropiado,Retroalimentacion

Podriamos probarlo en un entorno pequeno antes de expandirlo,Sugerencia

Tambien deberiamos ofrecer guias de usuario,Sugerencia

No tengo mas comentarios,Comentario

Todo esta claro,Comentario

Estimo que es un 5 ya que requiere multiples aprobaciones,Respuesta

Coincido Un 5 es una evaluacion precisa,Retroalimentacion

Podriamos empezar con una reunion de alineacion entre equipos,Sugerencia

Ademas deberiamos implementar un sistema de feedback continuo,Sugerencia

Eso seria todo por mi parte,Comentario
Todo esta entendido,Comentario
Considero que es un 1 porque no presenta mayores complicaciones,Respuesta
Estoy de acuerdo Un 1 es adecuado,Retroalimentacion
Podriamos implementarlo directamente sin necesidad de pruebas extensas,Sugerencia
Tambien deberiamos preparar un comunicado para los interesados,Sugerencia
No tengo mas que decir,Comentario
Todo esta comprendido,Comentario
Pienso que es un 4 debido a la integracion con otros sistemas,Respuesta
Estoy de acuerdo Un 4 refleja bien la complejidad,Retroalimentacion
Considero que esto es un 3 ya que requiere cierta planificacion,Respuesta
Coincido Un 3 es una evaluacion justa,Retroalimentacion
Podriamos comenzar con una prueba piloto en un area especifica,Sugerencia
Ademas deberiamos incluir un modulo de entrenamiento,Sugerencia
No tengo mas que aportar,Comentario
Todo esta claro para mi,Comentario
Opino que es un 4 debido a la complejidad del proyecto,Respuesta
Estoy de acuerdo Un 4 es adecuado en este caso,Retroalimentacion
Podriamos empezar con una evaluacion de impacto,Sugerencia
Tambien deberiamos crear un equipo de trabajo dedicado,Sugerencia
Eso es todo lo que tengo que decir por ahora,Comentario
Todo esta entendido,Comentario
Veo esto como un 2 porque es bastante directo,Respuesta
Estoy de acuerdo Un 2 refleja bien la simplicidad,Retroalimentacion
Podriamos implementarlo en la proxima fase del proyecto,Sugerencia
Ademas deberiamos preparar un manual de usuario,Sugerencia
No tengo mas observaciones,Comentario
Todo esta comprendido,Comentario
Pienso que es un 5 ya que involucra varias partes interesadas,Respuesta
Coincido Un 5 es una buena estimacion,Retroalimentacion
Podriamos empezar con una reunion de coordinacion,Sugerencia
Tambien deberiamos establecer un sistema de monitoreo,Sugerencia
Eso es todo por mi parte,Comentario
Todo esta claro,Comentario
Considero que es un 1 porque es bastante sencillo,Respuesta
Estoy de acuerdo Un 1 es apropiado,Retroalimentacion
Podriamos llevarlo a cabo sin necesidad de mas recursos,Sugerencia
Ademas deberiamos comunicarlo a todos los involucrados,Sugerencia
No tengo mas comentarios,Comentario
Todo esta comprendido,Comentario
Opino que es un 4 debido a la necesidad de integracion,Respuesta
Estoy de acuerdo Un 4 es una evaluacion justa,Retroalimentacion
Podriamos iniciar con un analisis de viabilidad,Sugerencia
Tambien deberiamos desarrollar un plan de implementacion,Sugerencia
Eso es todo lo que tengo que anadir,Comentario
Todo esta claro para mi,Comentario
Veo esto como un 3 porque requiere coordinacion pero es factible,Respuesta
Estoy de acuerdo Un 3 es una buena calificacion,Retroalimentacion
Podriamos comenzar con una serie de talleres,Sugerencia
Ademas deberiamos establecer metas claras,Sugerencia
No tengo mas que decir,Comentario
Todo esta entendido,Comentario
Pienso que es un 5 ya que implica cambios significativos,Respuesta
Coincido Un 5 es adecuado para este contexto,Retroalimentacion
Podriamos empezar con un estudio de caso,Sugerencia
Tambien deberiamos implementar un sistema de retroalimentacion,Sugerencia
Eso seria todo por ahora,Comentario
Todo esta comprendido,Comentario
Considero que es un 2 porque es bastante manejable,Respuesta
Estoy de acuerdo Un 2 es apropiado,Retroalimentacion
Podriamos probarlo en un entorno controlado,Sugerencia
Ademas deberiamos ofrecer un taller informativo,Sugerencia
No tengo mas aportes,Comentario
Todo esta claro,Comentario
Opino que es un 4 debido a la cantidad de recursos necesarios,Respuesta
Estoy de acuerdo Un 4 refleja bien los desafios,Retroalimentacion
Podriamos realizar un taller de planificacion antes de comenzar,Sugerencia
Tambien deberiamos crear un plan de contingencia,Sugerencia
Eso es todo por ahora,Comentario
Todo esta claro,Comentario
Diria que es un 3 ya que implica coordinacion pero es manejable,Respuesta
Coincido Un 3 es una buena estimacion,Retroalimentacion
Podriamos iniciar con una evaluacion de riesgos,Sugerencia
Ademas deberiamos desarrollar un cronograma detallado,Sugerencia
No tengo nada mas que anadir,Comentario
Todo esta comprendido,Comentario
Considero que esto es un 2 ya que es bastante directo de implementar,Respuesta
Estoy de acuerdo Un 2 es una evaluacion precisa,Retroalimentacion
Podriamos iniciar una fase de prueba para asegurar su efectividad,Sugerencia
Ademas deberiamos incluir un modulo de soporte tecnico,Sugerencia
No tengo mas que agregar,Comentario
Todo esta claro y comprendido,Comentario
Opino que es un 5 debido a la complejidad logistica,Respuesta
Coincido Un 5 refleja bien los desafios que enfrentamos,Retroalimentacion
Podriamos comenzar con un analisis de impacto detallado,Sugerencia
Tambien deberiamos establecer un equipo de gestion de cambios,Sugerencia
Eso es todo lo que tengo por ahora,Comentario
Todo esta entendido y claro,Comentario
Veo esto como un 1 ya que es muy sencillo y directo,Respuesta
Estoy de acuerdo Un 1 es apropiado para este caso,Retroalimentacion
Podriamos implementarlo inmediatamente sin complicaciones,Sugerencia
Ademas deberiamos preparar una guia rapida para los usuarios,Sugerencia
No tengo mas observaciones que hacer,Comentario
Todo esta comprendido y claro,Comentario
Pienso que es un 4 debido a la integracion necesaria,Respuesta
Coincido Un 4 es una buena evaluacion,Retroalimentacion
Podriamos iniciar con una evaluacion de compatibilidad,Sugerencia
Tambien deberiamos desarrollar un plan de accion detallado,Sugerencia
Eso es todo lo que tengo que decir por ahora,Comentario
Todo esta claro y entendido,Comentario
Considero que es un 3 porque requiere cierta coordinacion,Respuesta
Estoy de acuerdo Un 3 es adecuado para este contexto,Retroalimentacion
Podriamos comenzar con una serie de reuniones de planificacion,Sugerencia
Ademas deberiamos establecer un cronograma claro,Sugerencia
No tengo mas comentarios que anadir,Comentario
Todo esta comprendido y claro,Comentario
Opino que es un 5 debido a la magnitud del proyecto,Respuesta
Coincido Un 5 es una evaluacion justa,Retroalimentacion
Podriamos empezar con un analisis de riesgos exhaustivo,Sugerencia
Tambien deberiamos crear un sistema de seguimiento continuo,Sugerencia
Eso seria todo por mi parte,Comentario
Todo esta claro y entendido,Comentario
Veo esto como un 2 ya que es bastante manejable,Respuesta
Estoy de acuerdo Un 2 es apropiado para esta situacion,Retroalimentacion
Podriamos probarlo en un entorno controlado antes de su lanzamiento,Sugerencia
Ademas deberiamos ofrecer sesiones de formacion,Sugerencia
No tengo mas aportes que hacer,Comentario
Todo esta comprendido y claro,Comentario
Pienso que es un 4 debido a los recursos necesarios,Respuesta
Coincido Un 4 refleja bien la situacion,Retroalimentacion
Podriamos realizar un taller de planificacion antes de proceder,Sugerencia
Tambien deberiamos crear un plan de contingencia detallado,Sugerencia
Eso es todo lo que tengo que decir,Comentario
Todo esta claro y entendido,Comentario
Diria que es un 3 ya que implica coordinacion pero es factible,Respuesta
Coincido Un 3 es una buena estimacion,Retroalimentacion
Podriamos iniciar con una evaluacion de riesgos,Sugerencia
Ademas deberiamos desarrollar un cronograma detallado,Sugerencia
No tengo nada mas que anadir,Comentario
Todo esta comprendido y claro,Comentario
Considero que es un 2 porque es bastante directo de abordar,Respuesta
Estoy de acuerdo Un 2 es adecuado en este contexto,Retroalimentacion
Podriamos implementarlo en la proxima fase del proyecto,Sugerencia
Ademas deberiamos preparar un manual de usuario,Sugerencia
No tengo mas observaciones,Comentario
Todo esta comprendido y claro,Comentario
Opino que es un 5 ya que involucra varias partes interesadas,Respuesta
Coincido Un 5 es una buena estimacion,Retroalimentacion
Podriamos empezar con una reunion de coordinacion,Sugerencia
Tambien deberiamos establecer un sistema de monitoreo,Sugerencia
Eso es todo por mi parte,Comentario
Todo esta claro,Comentario
Considero que es un 1 porque es bastante sencillo,Respuesta
Estoy de acuerdo Un 1 es apropiado,Retroalimentacion
Podriamos llevarlo a cabo sin necesidad de mas recursos,Sugerencia
Ademas deberiamos comunicarlo a todos los involucrados,Sugerencia
No tengo mas comentarios,Comentario
Todo esta comprendido,Comentario
Vamos con la siguiente historia de usuario: Yo como Jefe de Ventas necesito un sistema que me permita monitorear el rendimiento de mi equipo en tiempo real. Que piensan Ana y Luis?,Pregunta
Considero que esto es un 3 ya que requiere integracion con otros sistemas,Respuesta
Estoy de acuerdo Un 3 es una evaluacion justa,Retroalimentacion
Podriamos iniciar con una fase de prueba en un departamento,Sugerencia
Ademas deberiamos incluir un modulo de capacitacion,Sugerencia
No tengo mas que agregar,Comentario
Todo esta claro y comprendido,Comentario
Nueva historia de usuario: Yo como Gerente de Recursos Humanos necesito una herramienta para mejorar la comunicacion interna. Que opinan Carlos y Laura?,Pregunta
Pienso que es un 4 debido a la complejidad de implementacion,Respuesta
Coincido Un 4 es adecuado en este contexto,Retroalimentacion
Podriamos comenzar con un analisis de necesidades,Sugerencia
Tambien deberiamos establecer un equipo de implementacion,Sugerencia
Eso es todo lo que tengo por ahora,Comentario
Todo esta entendido y claro,Comentario
Vamos con otra historia de usuario: Yo como Director de Marketing necesito un software para analizar las tendencias del mercado. Que piensan Javier y Elena?,Pregunta
Opino que es un 2 porque es bastante directo de implementar,Respuesta
Estoy de acuerdo Un 2 es apropiado,Retroalimentacion
Podriamos implementarlo en la proxima campana,Sugerencia
Ademas deberiamos preparar un manual de usuario,Sugerencia
No tengo mas observaciones que hacer,Comentario
Todo esta comprendido y claro,Comentario
Nueva historia de usuario: Yo como Responsable de IT necesito una solucion para mejorar la seguridad de la red. Que opinan Sergio y Paula?,Pregunta
Considero que es un 5 debido a los riesgos involucrados,Respuesta
Coincido Un 5 es una buena evaluacion,Retroalimentacion
Podriamos empezar con una auditoria de seguridad,Sugerencia
Tambien deberiamos desarrollar un plan de contingencia,Sugerencia
Eso es todo lo que tengo que decir por ahora,Comentario
Todo esta claro y entendido,Comentario
Vamos con la siguiente historia de usuario: Yo como Coordinador de Proyectos necesito una plataforma para gestionar los cronogramas. Que piensan Isabel y Pedro?,Pregunta
Veo esto como un 3 porque requiere coordinacion pero es factible,Respuesta
Estoy de acuerdo Un 3 es una buena estimacion,Retroalimentacion
Podriamos iniciar con una evaluacion de riesgos,Sugerencia
Ademas deberiamos desarrollar un cronograma detallado,Sugerencia
No tengo mas comentarios que anadir,Comentario
Todo esta comprendido y claro,Comentario
Nueva historia de usuario: Yo como Lider de Innovacion necesito un espacio colaborativo para el desarrollo de ideas. Que opinan Marcos y Sofia?,Pregunta
Pienso que es un 2 ya que es bastante manejable,Respuesta
Coincido Un 2 es apropiado para esta situacion,Retroalimentacion
Podriamos probarlo en un entorno controlado antes de expandirlo,Sugerencia
Ademas deberiamos ofrecer sesiones de formacion,Sugerencia
No tengo mas aportes que hacer,Comentario
Todo esta comprendido y claro,Comentario
Vamos con otra historia de usuario: Yo como Director Financiero necesito un sistema para automatizar los reportes mensuales. Que piensan Victor y Natalia?,Pregunta
Considero que es un 4 debido a la integracion necesaria,Respuesta
Coincido Un 4 refleja bien la situacion,Retroalimentacion
Podriamos realizar un taller de planificacion antes de proceder,Sugerencia
Tambien deberiamos crear un plan de contingencia detallado,Sugerencia
Eso es todo lo que tengo que decir,Comentario
Todo esta claro y entendido,Comentario
Nueva historia de usuario: Yo como Jefe de Operaciones necesito una herramienta para optimizar la cadena de suministro. Que opinan Andres y Lucia?,Pregunta
Opino que es un 5 debido a la magnitud del proyecto,Respuesta
Coincido Un 5 es una evaluacion justa,Retroalimentacion
Podriamos empezar con un analisis de riesgos exhaustivo,Sugerencia
Tambien deberiamos crear un sistema de seguimiento continuo,Sugerencia
Eso seria todo por mi parte,Comentario
Todo esta claro y entendido,Comentario
Vamos con la siguiente historia de usuario: Yo como Responsable de Calidad necesito un sistema para seguir las metricas de calidad en tiempo real. Que piensan Diego y Clara?,Pregunta
Veo esto como un 2 porque es bastante directo de abordar,Respuesta
Estoy de acuerdo Un 2 es adecuado en este contexto,Retroalimentacion
Podriamos implementarlo en la proxima fase del proyecto,Sugerencia
Ademas deberiamos preparar un manual de usuario,Sugerencia
No tengo mas observaciones,Comentario
Todo esta comprendido y claro,Comentario
Nueva historia de usuario: Yo como Gerente de Producto necesito una herramienta para gestionar el ciclo de vida del producto. Que opinan Raul y Marta?,Pregunta
Considero que es un 3 porque requiere cierta coordinacion,Respuesta
Estoy de acuerdo Un 3 es adecuado para este contexto,Retroalimentacion
Podriamos comenzar con una serie de reuniones de planificacion,Sugerencia
Ademas deberiamos establecer un cronograma claro,Sugerencia
No tengo mas comentarios que anadir,Comentario
Todo esta comprendido y claro,Comentario
Vamos con esta historia de usuario: Yo como Responsable de Logistica necesito una aplicacion para optimizar las rutas de entrega. Que opinan Marta y Jose?,Pregunta
Creo que esto es un 4 ya que implica una reestructuracion significativa,Respuesta
Estoy de acuerdo Un 4 refleja bien la magnitud del cambio,Retroalimentacion
Podriamos empezar con un proyecto piloto en una region especifica,Sugerencia
Tambien deberiamos desarrollar un plan de formacion para los conductores,Sugerencia
No tengo mas que anadir,Comentario
Todo esta claro para mi,Comentario
Nueva historia de usuario: Yo como Coordinador de Eventos necesito un sistema para gestionar inscripciones y asistencia. Que piensan Laura y Tomas?,Pregunta
Considero que es un 3 debido a la necesidad de integracion con otras plataformas,Respuesta
Coincido Un 3 es una evaluacion precisa,Retroalimentacion
Podriamos iniciar con una consulta con los principales interesados,Sugerencia
Tambien deberiamos crear un manual de procedimientos,Sugerencia
Eso es todo lo que tengo que aportar,Comentario
Todo esta entendido,Comentario
Vamos con otra historia de usuario: Yo como Jefe de Compras necesito una herramienta para automatizar el proceso de pedidos. Que opinan Ana y Luis?,Pregunta
Pienso que es un 2 ya que el proceso es bastante sencillo,Respuesta
Estoy de acuerdo Un 2 es apropiado aqui,Retroalimentacion
Podriamos implementarlo rapidamente en el proximo trimestre,Sugerencia
Ademas deberiamos ofrecer capacitacion a los usuarios finales,Sugerencia
No tengo mas observaciones,Comentario
Todo esta comprendido,Comentario
Nueva historia de usuario: Yo como Director de Tecnologia necesito un sistema para mejorar la colaboracion entre equipos remotos. Que piensan Carlos y Elena?,Pregunta
Opino que es un 5 debido a la complejidad tecnica involucrada,Respuesta
Coincido Un 5 es una buena evaluacion,Retroalimentacion
Podriamos comenzar con un analisis de requisitos detallado,Sugerencia
Tambien deberiamos establecer un equipo de soporte tecnico,Sugerencia
Eso es todo lo que tengo por ahora,Comentario
Todo esta claro,Comentario
Vamos con la siguiente historia de usuario: Yo como Responsable de Seguridad necesito una solucion para monitorizar accesos no autorizados. Que opinan Sergio y Paula?,Pregunta
Veo esto como un 4 porque requiere una implementacion cuidadosa,Respuesta
Estoy de acuerdo Un 4 es una evaluacion justa,Retroalimentacion
Podriamos iniciar con una revision de las politicas de seguridad actuales,Sugerencia
Ademas deberiamos desarrollar un protocolo de respuesta rapida,Sugerencia
No tengo mas que comentar,Comentario
Todo esta entendido y claro,Comentario
Nueva historia de usuario: Yo como Lider de Proyectos necesito un software para gestionar recursos y asignaciones. Que piensan Marcos y Sofia?,Pregunta
Considero que es un 3 debido a la necesidad de coordinacion entre departamentos,Respuesta
Coincido Un 3 refleja bien las necesidades,Retroalimentacion
Podriamos empezar con una serie de talleres de planificacion,Sugerencia
Tambien deberiamos crear un calendario de implementacion,Sugerencia
Eso es todo lo que tengo que decir,Comentario
Todo esta claro y comprendido,Comentario
Vamos con otra historia de usuario: Yo como Gerente de Calidad necesito un sistema para auditar procesos en tiempo real. Que opinan Javier y Natalia?,Pregunta
Pienso que es un 5 debido a los desafios operativos,Respuesta
Estoy de acuerdo Un 5 es adecuado,Retroalimentacion
Podriamos comenzar con una evaluacion de impacto,Sugerencia
Ademas deberiamos establecer un comite de control de calidad,Sugerencia
No tengo mas aportes,Comentario
Todo esta claro y entendido,Comentario
Nueva historia de usuario: Yo como Jefe de Desarrollo necesito una plataforma para gestionar ciclos de desarrollo agiles. Que opinan Andres y Lucia?,Pregunta
Considero que es un 4 debido a la necesidad de integrar multiples herramientas,Respuesta
Coincido Un 4 es una buena estimacion,Retroalimentacion
Podriamos iniciar con un analisis de compatibilidad,Sugerencia
Tambien deberiamos crear un plan de capacitacion para el equipo,Sugerencia
Eso es todo por mi parte,Comentario
Todo esta comprendido y claro,Comentario